"(123, 141)","(123, 140)","(124, 139)","(125, 139)","(127, 137)","(130, 136)","(153, 125)","(160, 121)","(167, 118)","(174, 115)","(180, 112)","(187, 110)","(192, 108)","(202, 104)","(206, 103)","(209, 102)","(211, 101)","(213, 100)","(214, 99)","(215, 99)","(216, 98)","(217, 98)"
"(131, 161)","(132, 161)","(133, 160)","(134, 159)","(135, 158)","(137, 157)","(139, 156)","(142, 154)","(147, 152)","(150, 149)","(155, 147)","(160, 144)","(164, 141)","(170, 138)","(180, 133)","(186, 130)","(191, 128)","(196, 126)","(200, 123)","(204, 121)","(207, 120)","(210, 118)","(213, 117)","(218, 116)","(220, 115)","(223, 114)","(225, 113)","(227, 112)","(229, 112)"
"(139, 187)","(139, 186)","(139, 185)","(140, 184)","(141, 183)","(143, 182)","(145, 181)","(148, 179)","(151, 177)","(154, 175)","(159, 171)","(164, 168)","(170, 165)","(177, 162)","(184, 158)","(191, 155)","(208, 146)","(216, 141)","(219, 140)","(222, 139)","(224, 137)","(226, 137)","(227, 136)","(229, 135)","(231, 134)"
"(139, 207)","(139, 206)","(140, 206)","(141, 205)","(143, 203)","(147, 202)","(150, 200)","(154, 198)","(159, 196)","(164, 193)","(171, 191)","(177, 188)","(184, 185)","(190, 182)","(198, 179)","(204, 176)","(211, 172)","(216, 169)","(222, 167)","(227, 164)","(231, 162)","(235, 160)","(239, 159)","(243, 157)","(246, 156)","(251, 154)","(252, 154)"
"(152, 223)","(152, 221)","(153, 220)","(155, 218)","(158, 217)","(162, 215)","(168, 212)","(175, 209)","(182, 206)","(191, 203)","(200, 200)","(208, 196)","(216, 193)","(223, 190)","(230, 187)","(237, 184)","(245, 182)","(252, 179)","(258, 177)","(264, 175)","(270, 174)","(275, 171)","(286, 168)","(288, 167)","(290, 166)"
"(156, 241)","(157, 241)","(160, 239)","(163, 238)","(167, 236)","(172, 233)","(178, 231)","(184, 229)","(191, 226)","(198, 223)","(205, 220)","(211, 217)","(217, 215)","(224, 212)","(230, 210)","(237, 207)","(246, 205)","(261, 200)","(275, 196)","(281, 194)","(287, 193)","(291, 191)","(296, 190)","(299, 189)","(301, 189)","(302, 188)"
"(173, 253)","(176, 252)","(178, 250)","(182, 249)","(186, 246)","(190, 244)","(196, 242)","(201, 239)","(206, 237)","(212, 235)","(217, 233)","(223, 230)","(230, 228)","(237, 226)","(253, 220)","(261, 218)","(275, 214)","(281, 212)","(287, 211)","(293, 209)","(302, 207)","(305, 206)","(307, 205)","(308, 205)","(310, 204)"
"(171, 290)","(173, 288)","(175, 287)","(178, 286)","(180, 284)","(184, 282)","(188, 280)","(195, 277)","(200, 274)","(207, 270)","(213, 267)","(219, 264)","(226, 261)","(247, 252)","(254, 249)","(260, 246)","(266, 243)","(277, 239)","(285, 236)","(288, 235)","(291, 234)","(294, 233)","(296, 232)","(300, 230)"
"(194, 293)","(195, 292)","(197, 291)","(199, 290)","(201, 288)","(205, 287)","(209, 284)","(214, 282)","(219, 279)","(225, 277)","(231, 274)","(237, 270)","(270, 255)","(279, 251)","(287, 248)","(302, 241)","(308, 238)","(314, 236)","(318, 234)","(323, 233)","(326, 232)","(328, 231)","(331, 229)"
"(210, 314)","(211, 313)","(212, 312)","(213, 311)","(215, 310)","(217, 309)","(220, 307)","(223, 305)","(226, 303)","(231, 301)","(236, 298)","(243, 295)","(250, 292)","(257, 288)","(265, 284)","(273, 280)","(281, 276)","(289, 272)","(297, 268)","(303, 264)","(314, 259)","(319, 256)","(323, 254)","(327, 252)","(330, 251)","(333, 249)","(335, 248)","(337, 247)","(339, 246)","(340, 246)"
"(217, 323)","(218, 323)","(219, 322)","(220, 322)","(221, 320)","(223, 319)","(225, 318)","(227, 316)","(230, 315)","(234, 313)","(239, 310)","(245, 308)","(251, 305)","(257, 303)","(264, 300)","(284, 291)","(290, 288)","(298, 286)","(303, 283)","(314, 279)","(319, 276)","(324, 274)","(328, 273)","(331, 270)","(333, 269)","(336, 267)","(337, 266)","(339, 266)","(339, 265)","(340, 265)"
