"(51, 252)","(51, 251)","(52, 250)","(52, 249)","(52, 247)","(53, 244)","(54, 243)","(54, 241)","(56, 237)","(56, 235)","(57, 233)","(59, 230)","(61, 227)","(63, 224)","(66, 220)","(69, 217)","(72, 213)","(88, 194)","(91, 191)","(97, 185)","(101, 182)","(104, 180)","(106, 177)","(108, 174)","(110, 172)","(112, 170)"
"(90, 212)","(90, 211)","(91, 209)","(92, 208)","(93, 206)","(93, 205)","(94, 203)","(95, 201)","(96, 198)","(97, 195)","(105, 183)","(114, 170)","(116, 167)","(119, 165)","(122, 163)","(126, 160)","(129, 158)","(136, 155)","(145, 150)","(148, 149)"
"(112, 181)","(113, 179)","(114, 178)","(116, 176)","(117, 174)","(119, 171)","(121, 169)","(123, 167)","(126, 164)","(130, 162)","(133, 159)","(137, 157)","(141, 154)","(145, 151)","(150, 148)","(155, 146)","(160, 143)","(164, 140)","(177, 132)","(181, 130)","(185, 127)","(188, 126)","(192, 123)","(194, 122)"
"(150, 157)","(152, 156)","(153, 154)","(156, 153)","(159, 150)","(162, 148)","(166, 146)","(170, 144)","(173, 141)","(177, 139)","(181, 137)","(185, 135)","(189, 132)","(193, 130)","(199, 128)","(203, 127)","(216, 121)","(221, 120)","(230, 118)","(233, 118)"
"(173, 151)","(173, 150)","(173, 149)","(174, 148)","(176, 146)","(179, 145)","(182, 143)","(186, 141)","(190, 139)","(194, 137)","(199, 135)","(203, 133)","(212, 130)","(223, 126)","(228, 123)","(239, 120)","(245, 119)","(252, 117)","(257, 116)","(262, 115)","(267, 114)","(271, 114)","(275, 113)"
"(209, 142)","(209, 141)","(210, 140)","(212, 139)","(213, 138)","(216, 137)","(219, 136)","(222, 135)","(226, 134)","(231, 132)","(236, 130)","(241, 128)","(248, 126)","(255, 125)","(261, 122)","(267, 120)","(285, 116)","(301, 112)","(305, 112)","(309, 111)","(313, 111)","(317, 110)","(321, 110)"
"(268, 128)","(272, 127)","(277, 125)","(282, 123)","(288, 122)","(293, 120)","(299, 119)","(305, 118)","(310, 117)","(316, 116)","(322, 115)","(329, 115)","(336, 114)","(343, 113)","(357, 112)","(377, 110)"
"(301, 122)","(301, 121)","(303, 120)","(305, 120)","(308, 118)","(312, 117)","(317, 116)","(322, 115)","(328, 113)","(334, 112)","(341, 111)","(349, 109)","(356, 108)","(363, 107)","(381, 105)","(386, 104)","(396, 104)","(400, 104)","(404, 104)","(407, 103)","(411, 103)","(413, 103)","(416, 103)","(418, 103)"
"(339, 113)","(345, 112)","(350, 111)","(356, 109)","(362, 108)","(370, 107)","(376, 106)","(383, 105)","(389, 104)","(396, 104)","(402, 103)","(408, 102)","(413, 101)","(419, 100)","(425, 99)","(430, 99)","(440, 98)","(450, 98)","(453, 98)","(459, 98)","(461, 98)","(463, 99)"
"(414, 109)","(419, 108)","(424, 107)","(429, 107)","(435, 106)","(442, 105)","(449, 105)","(455, 104)","(461, 103)","(468, 103)","(474, 102)","(485, 101)","(494, 101)","(497, 101)","(502, 101)"
"(475, 108)","(480, 108)","(485, 108)","(489, 108)","(494, 108)","(498, 108)","(503, 109)","(507, 110)","(510, 111)","(514, 111)","(517, 112)","(520, 113)","(523, 114)","(529, 115)"
"(89, 219)","(87, 226)","(86, 231)","(84, 236)","(83, 240)","(82, 244)","(80, 246)","(79, 249)","(78, 251)","(77, 253)","(77, 256)","(76, 258)","(76, 261)"
"(94, 217)","(92, 224)","(91, 231)","(89, 238)","(88, 245)","(86, 252)","(86, 259)","(85, 264)","(84, 269)","(84, 275)","(84, 278)","(84, 282)","(84, 285)","(84, 288)","(84, 290)","(84, 292)","(84, 294)"
"(92, 223)","(91, 229)","(90, 235)","(89, 242)","(88, 249)","(87, 257)","(86, 265)","(85, 273)","(84, 280)","(84, 287)","(84, 293)","(84, 298)","(84, 303)","(84, 308)","(84, 315)","(84, 318)","(85, 321)"
"(99, 194)","(97, 194)","(96, 195)","(95, 196)","(94, 198)","(93, 200)","(91, 203)","(90, 206)","(88, 210)","(82, 238)","(79, 268)","(78, 277)","(78, 285)","(78, 293)","(78, 301)","(78, 308)","(78, 315)","(78, 322)","(79, 328)","(79, 338)","(81, 349)","(82, 350)"
"(72, 253)","(71, 260)","(71, 267)","(70, 276)","(69, 285)","(69, 294)","(69, 303)","(69, 311)","(69, 318)","(69, 325)","(69, 331)","(70, 337)","(70, 343)","(71, 348)","(76, 372)","(77, 376)"
"(76, 310)","(76, 318)","(76, 326)","(76, 334)","(77, 341)","(78, 348)","(79, 355)","(81, 361)","(82, 367)","(84, 373)","(85, 377)","(87, 381)","(88, 385)","(91, 391)","(94, 397)","(95, 399)"
"(81, 328)","(82, 335)","(83, 342)","(84, 350)","(86, 356)","(88, 363)","(90, 370)","(92, 375)","(94, 380)","(97, 385)","(100, 390)","(102, 395)","(107, 403)","(112, 410)","(116, 415)","(120, 419)","(121, 420)"
"(102, 363)","(104, 370)","(106, 376)","(109, 381)","(112, 387)","(115, 393)","(119, 399)","(123, 404)","(127, 409)","(131, 413)","(135, 417)","(153, 431)","(166, 439)","(170, 441)","(177, 445)","(180, 447)"
"(121, 394)","(124, 397)","(127, 401)","(130, 405)","(133, 408)","(137, 412)","(140, 416)","(144, 421)","(150, 424)","(154, 428)","(159, 431)","(165, 435)","(170, 438)","(175, 441)","(180, 443)","(201, 452)","(210, 454)","(214, 455)","(225, 457)","(229, 457)","(231, 457)"
"(137, 412)","(138, 412)","(139, 413)","(141, 414)","(143, 415)","(145, 416)","(149, 417)","(153, 419)","(157, 420)","(166, 422)","(171, 423)","(187, 426)","(199, 428)","(205, 429)","(211, 430)","(217, 430)","(224, 430)","(232, 430)","(239, 430)","(245, 430)","(261, 428)","(267, 425)"
"(194, 434)","(198, 435)","(201, 436)","(204, 436)","(208, 437)","(211, 438)","(216, 438)","(221, 438)","(226, 439)","(233, 439)","(239, 439)","(245, 438)","(258, 436)","(264, 434)","(270, 432)","(276, 429)","(286, 424)","(291, 421)","(296, 419)","(300, 416)"
"(228, 445)","(231, 444)","(234, 443)","(238, 441)","(242, 439)","(247, 437)","(252, 434)","(257, 431)","(264, 428)","(270, 425)","(276, 421)","(282, 417)","(288, 414)","(293, 410)","(299, 406)","(304, 402)","(309, 397)","(313, 393)","(318, 389)","(333, 378)","(338, 375)","(347, 370)"
"(313, 396)","(317, 392)","(320, 388)","(323, 384)","(326, 379)","(330, 374)","(333, 367)","(336, 362)","(338, 356)","(341, 351)","(343, 346)","(346, 342)","(349, 339)","(355, 331)","(361, 326)"
"(350, 358)","(353, 354)","(357, 349)","(360, 344)","(363, 339)","(367, 333)","(370, 328)","(373, 323)","(376, 316)","(379, 311)","(381, 306)","(384, 299)","(387, 293)","(389, 287)","(392, 282)","(395, 278)","(397, 275)","(399, 273)"
"(366, 341)","(369, 336)","(371, 331)","(374, 326)","(378, 318)","(381, 311)","(384, 304)","(387, 296)","(390, 287)","(394, 278)","(398, 268)","(401, 259)","(404, 252)","(412, 238)","(415, 234)","(416, 233)"
"(385, 292)","(387, 288)","(388, 283)","(390, 278)","(392, 273)","(395, 266)","(398, 259)","(400, 252)","(403, 245)","(405, 238)","(407, 231)","(409, 224)","(411, 216)","(413, 210)","(416, 200)"
"(410, 231)","(411, 229)","(412, 226)","(414, 221)","(416, 218)","(418, 214)","(421, 210)","(424, 205)","(427, 200)","(441, 176)","(447, 168)","(451, 165)","(452, 164)","(454, 164)"
"(438, 188)","(440, 186)","(444, 182)","(447, 179)","(451, 176)","(454, 172)","(458, 168)","(463, 164)","(467, 160)","(480, 149)","(489, 143)","(493, 141)","(498, 139)","(500, 138)"
"(509, 130)","(510, 129)","(511, 128)","(512, 127)","(513, 126)","(513, 125)","(514, 123)","(514, 122)"
"(519, 120)","(519, 118)","(520, 117)","(520, 116)","(520, 115)","(520, 114)","(520, 113)","(519, 113)","(518, 113)"
"(518, 115)","(519, 116)","(520, 117)","(521, 118)","(521, 119)","(521, 120)","(521, 122)","(521, 123)","(521, 126)","(520, 128)","(518, 131)","(516, 133)","(514, 135)","(510, 137)","(507, 139)","(499, 142)","(496, 143)","(489, 145)"
"(500, 138)","(496, 140)","(491, 143)","(487, 146)","(483, 150)","(478, 153)","(473, 156)","(469, 159)","(465, 162)","(461, 164)","(457, 166)","(453, 168)","(450, 169)","(447, 170)","(445, 171)","(442, 172)"
"(463, 154)","(460, 155)","(458, 156)","(455, 157)","(451, 159)","(448, 162)","(444, 165)","(440, 169)","(436, 174)","(433, 178)","(430, 184)","(427, 189)","(424, 195)","(422, 201)","(420, 206)","(413, 221)","(409, 231)"
"(417, 214)","(415, 220)","(413, 228)","(411, 234)","(408, 240)","(406, 246)","(404, 252)","(402, 258)","(399, 263)","(396, 269)","(394, 275)","(390, 280)","(387, 285)","(380, 294)","(377, 298)","(375, 301)","(373, 302)","(372, 304)"
"(381, 282)","(380, 286)","(379, 290)","(378, 295)","(377, 300)","(375, 305)","(374, 311)","(373, 316)","(371, 322)","(370, 327)","(368, 331)","(364, 343)","(359, 350)","(355, 354)","(353, 355)","(352, 356)","(351, 357)","(350, 357)","(349, 357)"
"(361, 332)","(359, 335)","(357, 338)","(354, 341)","(352, 343)","(350, 346)","(348, 348)","(345, 351)","(341, 354)","(338, 356)","(335, 359)","(331, 362)","(327, 366)","(323, 370)","(313, 377)","(310, 379)","(307, 382)","(305, 384)","(302, 386)","(299, 389)","(297, 391)","(294, 393)","(292, 395)","(290, 397)","(289, 398)","(287, 399)"
"(324, 370)","(322, 372)","(321, 374)","(320, 376)","(318, 378)","(317, 380)","(315, 382)","(313, 385)","(311, 388)","(308, 391)","(305, 394)","(302, 397)","(299, 400)","(294, 403)","(291, 406)","(287, 409)","(280, 415)","(276, 419)","(272, 421)","(269, 423)","(265, 425)","(252, 430)","(249, 431)","(247, 432)","(244, 432)","(242, 434)","(240, 435)","(239, 436)","(238, 436)","(237, 437)","(236, 437)"
"(275, 411)","(273, 412)","(271, 414)","(268, 415)","(265, 416)","(263, 417)","(260, 419)","(257, 421)","(254, 422)","(251, 423)","(248, 424)","(240, 426)","(237, 427)","(233, 428)","(229, 429)","(221, 431)","(217, 432)","(213, 432)","(209, 433)","(205, 433)","(201, 433)","(198, 433)","(193, 433)","(190, 433)","(186, 432)","(183, 432)","(181, 431)","(175, 431)","(174, 431)","(173, 431)"
"(216, 426)","(215, 426)","(214, 426)","(213, 426)","(211, 426)","(210, 426)","(209, 426)","(207, 426)","(205, 425)","(203, 425)","(200, 424)","(198, 423)","(189, 419)","(180, 410)","(174, 403)","(170, 400)","(163, 394)","(160, 392)","(157, 390)","(154, 389)","(152, 387)","(149, 386)","(146, 385)","(143, 384)","(139, 382)","(136, 381)"
"(163, 419)","(162, 419)","(161, 419)","(160, 417)","(158, 417)","(157, 416)","(155, 416)","(154, 415)","(152, 415)","(149, 413)","(146, 411)","(144, 409)","(137, 398)","(131, 389)","(127, 383)","(124, 378)","(120, 372)","(117, 366)","(114, 360)","(111, 356)","(109, 352)","(107, 349)","(106, 347)","(104, 345)","(102, 343)"
"(135, 391)","(134, 390)","(133, 390)","(132, 389)","(131, 389)","(130, 388)","(129, 388)","(127, 386)","(125, 384)","(122, 382)","(119, 379)","(117, 376)","(114, 372)","(108, 361)","(103, 349)","(100, 341)","(95, 325)","(93, 316)","(91, 302)","(90, 297)","(90, 292)","(90, 288)","(90, 286)","(90, 284)","(90, 282)","(90, 281)"
"(105, 358)","(104, 358)","(104, 357)","(103, 356)","(103, 355)","(102, 354)","(102, 352)","(101, 350)","(101, 347)","(100, 344)","(97, 321)","(95, 300)","(94, 290)","(92, 268)","(91, 259)","(91, 252)","(91, 245)","(91, 240)","(91, 236)","(91, 232)","(91, 230)","(91, 227)"
"(102, 203)"
"(122, 152)"
"(122, 152)"
"(122, 152)"
"(143, 143)"
"(113, 194)","(114, 192)","(116, 190)","(117, 188)","(119, 186)","(121, 184)","(123, 182)","(125, 180)","(127, 178)","(129, 175)","(132, 172)","(134, 169)","(136, 166)","(138, 163)","(140, 160)","(142, 158)","(152, 152)","(156, 150)","(174, 140)","(190, 130)","(195, 127)","(201, 122)","(206, 120)","(211, 117)","(215, 115)","(219, 112)","(224, 111)","(228, 109)","(233, 107)","(237, 105)","(240, 104)","(244, 102)","(248, 101)","(253, 100)"
"(186, 144)","(189, 143)","(192, 141)","(195, 140)","(198, 139)","(201, 137)","(204, 136)","(207, 135)","(209, 134)","(212, 134)","(215, 133)","(219, 132)","(222, 131)","(226, 130)","(230, 128)","(235, 127)","(244, 123)","(250, 121)","(255, 120)","(267, 115)","(273, 113)","(284, 109)","(289, 108)","(299, 105)","(308, 103)","(312, 102)","(315, 101)","(319, 100)","(324, 99)","(328, 98)","(333, 97)","(338, 97)","(342, 96)","(347, 96)","(351, 95)","(357, 94)"
"(239, 133)","(241, 132)","(243, 130)","(247, 129)","(249, 128)","(252, 126)","(255, 125)","(258, 123)","(262, 122)","(265, 121)","(268, 120)","(272, 119)","(276, 118)","(280, 117)","(284, 116)","(289, 115)","(316, 108)","(333, 105)","(337, 104)","(348, 102)","(352, 101)","(356, 101)","(361, 100)","(366, 99)","(371, 98)","(376, 97)","(381, 96)","(386, 96)","(396, 94)","(400, 94)","(404, 93)","(418, 90)","(421, 89)","(424, 89)","(427, 88)","(430, 87)","(433, 87)","(437, 86)","(453, 85)","(460, 84)"
"(312, 123)","(312, 122)","(313, 121)","(314, 121)","(315, 120)","(317, 119)","(318, 119)","(320, 118)","(322, 117)","(325, 116)","(331, 115)","(339, 113)","(345, 112)","(358, 109)","(362, 108)","(373, 106)","(376, 105)","(379, 105)","(382, 104)","(385, 103)","(389, 102)","(392, 102)","(395, 101)","(414, 97)","(416, 96)","(425, 95)","(428, 94)","(430, 94)","(433, 93)","(436, 93)","(439, 92)","(442, 91)","(466, 89)","(468, 89)","(471, 89)","(473, 89)","(475, 89)","(477, 89)","(479, 89)","(481, 89)","(483, 89)","(484, 89)","(486, 88)","(487, 88)","(489, 88)","(490, 88)","(493, 88)","(495, 88)","(500, 87)","(503, 87)","(504, 87)","(505, 88)","(506, 88)","(508, 88)","(509, 89)","(510, 90)","(511, 90)","(512, 90)","(513, 90)","(514, 91)","(515, 91)","(516, 92)","(517, 93)","(518, 94)","(519, 95)","(519, 96)","(520, 96)","(520, 97)","(521, 97)","(521, 98)","(522, 99)","(523, 99)","(523, 100)","(523, 101)","(524, 101)","(524, 102)","(524, 103)","(524, 104)","(524, 106)","(524, 107)","(524, 108)","(524, 109)","(524, 110)","(524, 111)","(524, 112)","(524, 114)"
"(499, 127)","(498, 128)","(497, 130)","(495, 131)","(494, 132)","(493, 133)","(491, 134)","(490, 136)","(489, 137)","(488, 138)","(487, 140)","(486, 141)","(485, 143)","(484, 144)","(483, 146)","(482, 147)","(481, 148)","(480, 150)","(479, 151)","(478, 153)","(477, 153)","(476, 154)","(475, 155)","(473, 156)","(471, 157)","(470, 158)","(468, 158)","(467, 159)","(464, 161)","(462, 162)","(461, 163)","(459, 164)","(458, 165)","(457, 165)","(455, 166)","(453, 167)","(451, 168)","(448, 169)","(444, 171)","(440, 174)","(439, 175)","(437, 176)","(436, 178)","(434, 180)","(432, 182)","(430, 184)","(428, 187)","(426, 190)","(421, 195)","(418, 199)","(411, 208)","(408, 212)","(406, 216)","(404, 221)","(402, 227)","(400, 233)","(399, 239)","(398, 244)","(395, 254)","(395, 258)","(394, 262)","(392, 265)","(392, 268)","(391, 270)"
"(611, 81)","(610, 81)","(609, 80)","(608, 80)","(606, 80)","(605, 80)","(604, 80)","(603, 80)","(602, 81)","(601, 81)","(600, 81)","(599, 81)","(598, 82)","(597, 82)","(596, 82)","(595, 83)","(594, 83)","(593, 83)","(592, 84)","(592, 85)","(591, 85)","(589, 86)","(589, 87)","(588, 88)","(587, 90)","(586, 91)","(586, 92)","(585, 93)","(584, 94)","(584, 95)","(583, 97)","(582, 98)","(582, 99)","(581, 100)","(581, 101)","(581, 102)","(581, 103)","(581, 104)","(581, 106)","(580, 107)","(580, 108)","(580, 110)","(580, 114)","(580, 116)","(580, 117)","(580, 118)","(580, 119)","(580, 120)","(581, 121)","(582, 122)","(584, 123)","(589, 126)","(592, 127)","(594, 127)","(595, 127)","(597, 127)","(598, 127)","(599, 127)","(602, 127)","(603, 127)","(605, 127)","(606, 126)","(607, 126)","(608, 126)","(609, 125)","(610, 125)","(612, 123)","(613, 123)","(614, 122)","(615, 121)","(616, 121)","(617, 120)","(617, 119)","(618, 118)","(619, 117)","(620, 116)","(620, 115)","(621, 114)","(622, 112)","(623, 111)","(623, 109)","(624, 108)","(624, 106)","(624, 104)","(625, 102)","(625, 100)","(625, 98)","(625, 96)","(625, 94)","(625, 92)","(624, 91)","(624, 89)","(623, 88)","(622, 86)","(620, 85)","(618, 84)","(615, 84)","(611, 83)","(606, 82)","(601, 82)","(596, 82)","(591, 82)","(585, 82)","(581, 83)","(578, 85)","(576, 87)","(575, 89)"
"(625, 87)","(624, 86)","(623, 86)","(622, 85)","(620, 85)","(619, 84)","(617, 84)","(616, 84)","(614, 84)","(613, 84)","(612, 84)","(610, 84)","(608, 85)","(606, 86)","(604, 88)","(602, 89)","(595, 97)","(593, 101)","(592, 111)","(593, 119)","(594, 121)","(596, 122)","(598, 125)","(600, 125)","(602, 126)","(604, 126)","(606, 126)","(610, 123)","(612, 121)","(614, 119)","(619, 113)","(620, 111)","(621, 108)","(622, 106)","(622, 104)","(622, 103)","(622, 101)","(615, 96)","(604, 95)","(601, 95)","(598, 95)","(595, 96)"
"(609, 88)","(608, 88)","(607, 89)","(606, 90)","(604, 91)","(603, 92)","(602, 94)","(601, 97)","(600, 100)","(599, 103)","(599, 106)","(599, 109)","(599, 112)","(602, 117)","(610, 119)","(616, 116)","(618, 114)","(619, 112)","(620, 110)","(621, 107)","(621, 104)","(621, 102)","(621, 100)","(620, 98)","(618, 96)","(616, 95)","(613, 95)","(609, 95)","(605, 96)","(601, 98)","(596, 100)"
"(687, 89)","(686, 89)","(686, 90)","(685, 91)","(684, 93)","(682, 95)","(681, 97)","(680, 100)","(679, 103)","(678, 106)","(678, 109)","(678, 111)","(678, 114)","(680, 116)","(681, 117)","(683, 119)","(685, 120)","(687, 121)","(690, 121)","(693, 121)","(695, 121)","(700, 121)","(702, 120)","(707, 117)","(714, 111)","(716, 106)","(717, 104)","(718, 102)","(718, 100)","(718, 98)","(718, 96)","(718, 93)","(718, 91)","(718, 89)","(716, 87)","(713, 84)","(705, 81)","(702, 81)","(699, 81)","(696, 82)","(694, 84)","(691, 87)","(687, 91)","(685, 95)","(682, 99)","(679, 109)","(680, 118)"
"(695, 90)","(694, 91)","(693, 93)","(692, 95)","(692, 97)","(692, 99)","(692, 101)","(692, 103)","(692, 105)","(693, 106)","(694, 107)","(696, 108)","(698, 108)","(700, 109)","(702, 109)","(703, 109)","(706, 109)","(708, 108)","(709, 105)","(710, 104)","(710, 102)","(710, 98)","(707, 93)","(705, 92)","(703, 91)","(700, 91)","(697, 91)","(694, 91)","(692, 91)","(684, 98)"
"(699, 112)","(700, 112)","(701, 112)","(702, 111)","(703, 109)","(704, 107)","(705, 105)","(706, 103)","(706, 101)","(706, 99)","(706, 97)","(705, 95)","(703, 93)","(693, 93)","(690, 94)","(684, 98)"
"(756, 106)","(757, 107)","(759, 108)","(760, 109)","(762, 109)","(764, 109)","(766, 109)","(767, 109)","(769, 108)","(770, 107)","(771, 106)","(772, 104)","(773, 103)","(774, 101)","(775, 99)","(775, 97)","(776, 95)","(776, 92)","(776, 89)","(776, 85)","(776, 84)","(774, 82)","(772, 81)","(770, 81)","(768, 81)","(766, 81)","(763, 82)","(761, 83)","(758, 85)","(756, 88)","(755, 90)","(753, 93)","(752, 96)","(751, 98)"
"(767, 99)","(766, 100)","(766, 102)","(765, 103)","(765, 104)","(765, 105)","(765, 107)","(765, 108)","(766, 108)","(768, 109)","(769, 109)","(770, 109)","(777, 107)","(778, 105)","(779, 103)","(779, 101)","(780, 99)","(780, 94)","(777, 90)","(776, 89)","(774, 88)","(772, 88)","(771, 88)","(769, 88)","(767, 88)","(763, 94)","(761, 99)"
"(774, 101)","(773, 102)","(773, 104)","(773, 105)","(773, 106)","(774, 106)","(775, 105)","(775, 104)","(776, 102)","(777, 101)","(778, 99)","(778, 97)","(778, 96)","(778, 94)","(777, 93)","(776, 93)","(774, 93)","(771, 93)","(769, 93)","(766, 94)","(764, 96)","(761, 97)","(760, 99)","(759, 101)"
"(219, 241)","(218, 248)","(217, 255)","(217, 261)","(216, 267)","(216, 274)","(216, 281)","(216, 288)","(216, 295)","(216, 301)","(217, 307)","(217, 311)","(218, 315)","(218, 318)","(218, 322)","(219, 324)","(219, 325)"
"(218, 233)","(217, 239)","(217, 246)","(216, 253)","(216, 261)","(216, 269)","(216, 279)","(216, 288)","(216, 297)","(216, 305)","(216, 311)","(216, 318)","(217, 325)","(218, 330)","(218, 334)","(219, 338)","(220, 341)","(220, 343)","(221, 344)","(221, 345)","(221, 346)"
"(225, 186)","(223, 190)","(222, 195)","(220, 200)","(219, 206)","(218, 212)","(217, 219)","(216, 226)","(214, 240)","(213, 246)","(213, 252)","(212, 258)","(212, 263)","(212, 283)","(212, 290)","(213, 304)","(213, 310)","(214, 321)","(215, 325)","(216, 332)","(217, 333)","(217, 334)","(218, 334)"
"(217, 216)","(216, 220)","(214, 225)","(214, 229)","(213, 233)","(212, 236)","(212, 240)","(211, 245)","(211, 250)","(210, 255)","(210, 260)","(209, 266)","(209, 272)","(209, 278)","(208, 285)","(208, 297)","(208, 308)","(208, 313)","(208, 317)","(208, 323)","(208, 330)","(208, 332)","(208, 334)","(209, 337)"
"(234, 219)","(234, 228)","(234, 235)","(234, 243)","(234, 250)","(234, 257)","(233, 263)","(233, 268)","(232, 273)","(232, 277)","(231, 280)","(231, 283)","(230, 285)","(230, 287)","(229, 288)","(229, 290)","(229, 291)","(229, 292)"
"(233, 212)","(232, 218)","(232, 225)","(231, 231)","(231, 237)","(231, 243)","(231, 248)","(231, 252)","(231, 257)","(231, 261)","(230, 266)","(230, 270)","(230, 277)","(230, 283)","(230, 289)","(229, 296)","(227, 312)","(226, 317)","(226, 321)","(225, 324)","(225, 326)","(224, 328)","(223, 329)","(223, 330)","(223, 331)","(222, 331)","(222, 332)","(221, 332)","(221, 333)","(220, 333)"
"(235, 226)","(234, 231)","(233, 236)","(233, 241)","(232, 246)","(232, 251)","(231, 256)","(230, 262)","(229, 267)","(228, 274)","(227, 280)","(225, 287)","(224, 300)","(223, 305)","(222, 312)","(222, 315)","(222, 316)","(222, 317)","(222, 318)","(221, 318)"
"(304, 199)","(305, 198)","(306, 197)","(308, 196)","(309, 194)","(311, 192)","(312, 190)","(314, 188)","(316, 186)","(318, 184)","(321, 182)","(324, 180)","(326, 178)","(329, 177)","(332, 175)","(342, 170)","(345, 169)","(347, 168)","(349, 167)","(348, 167)","(346, 168)","(343, 169)","(341, 171)","(338, 172)","(335, 175)","(325, 182)","(317, 190)","(312, 194)","(313, 193)","(314, 191)","(316, 189)","(321, 184)","(324, 182)","(328, 179)","(333, 177)","(338, 174)","(343, 171)","(348, 169)","(352, 168)","(356, 167)","(359, 166)","(364, 165)","(365, 164)","(366, 164)","(365, 164)","(351, 171)","(347, 175)","(342, 177)","(337, 180)","(332, 184)","(327, 187)","(322, 190)","(318, 192)","(313, 197)"
"(307, 200)","(307, 199)","(308, 198)","(310, 196)","(312, 194)","(314, 192)","(317, 190)","(321, 187)","(325, 184)","(330, 181)","(335, 178)","(340, 176)","(346, 174)","(355, 169)","(359, 168)","(363, 166)","(368, 165)","(371, 164)","(374, 163)","(376, 162)","(378, 161)"
"(312, 194)","(315, 191)","(319, 188)","(324, 185)","(330, 182)","(336, 179)","(343, 176)","(349, 174)","(354, 171)","(358, 170)","(360, 170)","(361, 170)"
"(300, 231)","(302, 230)","(304, 228)","(306, 227)","(308, 225)","(311, 223)","(314, 220)","(317, 218)","(320, 216)","(324, 214)","(327, 213)","(331, 211)","(334, 210)","(336, 209)","(337, 209)","(338, 209)"
"(309, 227)","(312, 225)","(314, 223)","(317, 220)","(321, 218)","(325, 216)","(329, 214)","(333, 212)","(337, 211)","(339, 210)","(340, 209)","(341, 209)"
"(319, 220)","(322, 218)","(326, 216)","(331, 214)","(335, 212)","(338, 211)","(342, 210)","(345, 209)","(346, 209)"
"(312, 251)","(315, 249)","(318, 247)","(322, 246)","(326, 244)","(330, 242)","(335, 240)","(340, 239)","(345, 237)","(348, 236)","(349, 236)","(350, 236)"
"(312, 253)","(314, 252)","(317, 251)","(320, 249)","(322, 248)","(325, 247)","(326, 247)","(328, 246)","(329, 246)"
"(299, 264)","(306, 259)","(309, 257)","(312, 255)","(316, 253)","(319, 251)","(322, 250)","(325, 249)","(328, 248)","(331, 247)","(332, 247)","(334, 247)","(335, 247)","(336, 247)"
"(297, 292)","(299, 291)","(301, 289)","(303, 286)","(306, 284)","(310, 281)","(313, 278)","(316, 275)","(319, 273)","(323, 270)","(325, 269)","(328, 268)","(331, 266)","(334, 265)","(336, 264)","(338, 263)","(341, 262)","(342, 262)"
"(304, 286)","(309, 283)","(311, 281)","(314, 279)","(316, 278)","(319, 276)","(322, 274)","(326, 273)","(329, 272)","(332, 269)","(335, 268)","(336, 268)","(338, 267)","(339, 267)"
"(307, 289)","(308, 288)","(310, 286)","(311, 285)","(313, 283)","(315, 282)","(317, 281)","(319, 280)","(321, 279)","(323, 279)","(325, 278)","(326, 278)"
"(292, 321)","(294, 319)","(297, 318)","(299, 316)","(301, 314)","(304, 312)","(308, 310)","(311, 307)","(314, 305)","(318, 302)","(321, 300)","(328, 297)","(331, 296)","(334, 294)","(335, 294)"
"(304, 314)","(310, 309)","(313, 308)","(315, 306)","(317, 305)","(318, 305)","(320, 304)","(321, 304)","(322, 304)"
"(299, 329)","(303, 327)","(305, 325)","(308, 323)","(310, 322)","(312, 319)","(314, 318)","(316, 317)","(317, 316)","(318, 316)"
"(300, 313)","(303, 311)","(305, 310)","(308, 309)","(311, 307)","(313, 307)","(316, 306)","(318, 306)"
"(534, 371)","(531, 377)","(529, 381)","(528, 385)","(526, 389)","(526, 391)","(525, 393)","(525, 394)"
"(545, 339)","(542, 346)","(538, 352)","(535, 357)","(532, 363)","(530, 370)","(528, 375)","(525, 382)","(523, 388)","(521, 394)","(518, 399)","(516, 404)","(514, 409)","(512, 413)","(510, 417)","(509, 421)","(507, 423)","(507, 422)"
"(573, 280)","(571, 284)","(568, 289)","(565, 294)","(561, 300)","(558, 306)","(554, 313)","(550, 321)","(546, 328)","(543, 334)","(538, 341)","(535, 347)","(532, 353)","(529, 359)","(526, 365)","(524, 373)","(521, 380)","(518, 388)","(514, 396)","(496, 427)","(481, 446)","(480, 448)","(479, 449)","(478, 451)","(478, 452)"
"(594, 258)","(594, 259)","(592, 261)","(591, 263)","(588, 265)","(586, 268)","(584, 272)","(581, 276)","(578, 281)","(575, 286)","(571, 292)","(558, 313)","(545, 336)","(539, 342)","(523, 370)","(520, 375)","(516, 380)","(513, 385)","(509, 390)","(506, 396)","(502, 402)","(490, 422)","(486, 430)","(485, 431)","(485, 433)","(485, 432)"
"(563, 297)","(560, 301)","(557, 306)","(554, 310)","(551, 315)","(547, 321)","(544, 327)","(539, 332)","(536, 337)","(533, 342)","(529, 347)","(526, 352)","(524, 356)","(516, 367)","(509, 379)","(503, 386)","(501, 390)","(494, 402)","(491, 405)","(489, 408)","(487, 412)","(485, 415)","(483, 420)","(481, 423)","(479, 426)","(478, 429)","(471, 439)","(469, 442)","(463, 451)","(458, 457)","(457, 459)","(456, 460)","(456, 461)","(455, 462)","(455, 463)","(454, 463)"
"(603, 280)","(604, 285)","(605, 290)","(607, 296)","(608, 301)","(609, 306)","(610, 311)","(612, 317)","(614, 324)","(615, 331)","(617, 338)","(619, 345)","(621, 352)","(623, 358)","(624, 365)","(628, 378)","(632, 389)","(635, 394)","(642, 405)","(643, 408)","(646, 413)"
"(612, 261)","(612, 259)","(612, 258)","(611, 257)","(611, 255)","(611, 254)","(610, 253)","(610, 252)","(610, 251)","(609, 250)","(609, 249)","(608, 249)","(608, 250)","(607, 252)","(607, 254)","(607, 256)","(607, 259)","(607, 262)","(607, 286)","(610, 307)","(611, 314)","(616, 335)","(618, 341)","(619, 347)","(621, 352)","(623, 357)","(624, 362)","(625, 367)","(630, 389)","(633, 403)","(635, 416)","(635, 421)","(635, 425)","(635, 428)","(636, 431)","(636, 434)","(638, 442)","(638, 441)"
"(604, 261)","(604, 260)","(604, 261)","(605, 262)","(605, 264)","(606, 266)","(608, 277)","(611, 295)","(611, 302)","(614, 325)","(615, 331)","(616, 343)","(617, 348)","(618, 353)","(619, 357)","(619, 362)","(620, 365)","(621, 370)","(622, 378)","(622, 382)","(623, 386)","(623, 390)","(624, 395)","(624, 399)","(625, 407)","(626, 412)","(626, 416)","(627, 421)","(627, 426)","(628, 429)","(631, 442)","(633, 447)","(634, 449)","(635, 450)","(635, 449)","(635, 447)"
"(611, 259)","(611, 261)","(611, 263)","(612, 266)","(612, 269)","(612, 273)","(613, 277)","(613, 280)","(614, 284)","(614, 288)","(615, 292)","(616, 297)","(616, 301)","(617, 307)","(618, 318)","(619, 331)","(620, 341)","(621, 345)","(621, 349)","(623, 356)","(623, 359)","(623, 362)","(624, 364)","(624, 367)","(624, 370)","(625, 373)","(626, 390)","(626, 393)","(627, 404)","(627, 407)","(628, 410)","(628, 413)","(628, 416)","(628, 420)","(629, 426)","(630, 436)","(630, 440)","(631, 443)","(631, 445)","(631, 447)","(631, 449)","(632, 450)","(632, 452)","(632, 453)","(632, 452)"
"(489, 459)","(494, 459)","(499, 458)","(503, 457)","(507, 457)","(511, 456)","(515, 455)","(519, 455)","(524, 454)","(528, 454)","(533, 453)","(538, 453)","(543, 452)","(548, 452)","(553, 452)","(563, 451)","(574, 450)","(580, 450)","(585, 449)","(592, 449)","(597, 448)","(601, 447)","(606, 447)","(609, 447)","(613, 446)","(616, 446)","(619, 446)","(622, 446)","(624, 446)","(626, 446)","(628, 445)","(630, 445)","(631, 445)","(633, 444)","(635, 444)","(636, 444)","(635, 444)","(634, 444)","(632, 444)","(630, 444)","(627, 444)","(623, 445)","(619, 445)","(603, 448)","(597, 449)","(584, 450)","(577, 451)","(572, 451)","(566, 452)","(561, 452)","(557, 453)","(548, 454)","(533, 456)","(529, 456)","(524, 457)","(520, 458)","(516, 459)","(512, 460)","(508, 461)","(504, 462)","(501, 463)","(498, 464)","(494, 465)","(490, 466)"
"(480, 461)","(484, 460)","(488, 459)","(493, 458)","(497, 458)","(502, 457)","(506, 456)","(511, 456)","(516, 455)","(521, 455)","(527, 454)","(533, 454)","(539, 453)","(546, 452)","(564, 450)","(580, 448)","(585, 447)","(605, 446)","(608, 446)","(611, 446)","(614, 445)","(617, 445)","(619, 445)"
"(482, 461)","(485, 460)","(487, 459)","(491, 458)","(496, 457)","(500, 457)","(504, 456)","(508, 455)","(513, 454)","(517, 454)","(522, 453)","(550, 451)","(566, 450)","(571, 450)","(576, 450)","(580, 450)","(585, 449)","(589, 449)","(594, 449)","(598, 448)","(602, 448)","(605, 447)","(607, 447)"
"(472, 464)","(475, 464)","(478, 463)","(482, 462)","(486, 461)","(490, 460)","(495, 460)","(499, 459)","(504, 458)","(508, 457)","(513, 457)","(518, 456)","(523, 455)","(528, 455)","(538, 453)","(559, 451)","(563, 451)","(577, 450)","(584, 449)","(588, 449)","(592, 449)","(596, 448)","(599, 448)","(603, 448)","(606, 447)","(614, 446)","(617, 446)","(622, 445)","(623, 445)","(624, 445)"
"(455, 462)","(456, 462)","(458, 462)","(460, 462)","(463, 461)","(467, 461)","(471, 460)","(475, 459)","(479, 458)","(484, 457)","(488, 456)","(499, 454)","(508, 453)","(512, 452)","(520, 451)","(528, 451)","(532, 450)","(547, 449)","(551, 449)","(555, 448)","(559, 448)","(563, 448)","(567, 447)","(571, 447)","(580, 446)","(584, 445)","(597, 444)","(599, 443)","(600, 443)","(602, 443)","(603, 443)","(604, 443)","(605, 443)"
"(459, 463)","(458, 463)","(457, 464)","(456, 464)","(456, 465)","(455, 465)","(455, 466)","(454, 468)","(454, 469)","(454, 471)","(455, 471)","(456, 473)","(458, 475)","(459, 475)","(461, 477)","(461, 478)","(461, 479)","(461, 480)","(461, 481)","(461, 482)","(461, 483)","(460, 484)","(459, 485)","(455, 490)","(453, 492)","(452, 493)","(451, 494)","(450, 496)","(449, 497)","(449, 498)","(449, 499)","(449, 500)","(451, 506)","(454, 512)","(457, 519)","(458, 521)","(458, 522)","(458, 524)","(458, 525)","(458, 527)","(458, 528)","(456, 531)","(455, 533)","(455, 534)","(455, 535)","(455, 536)","(456, 537)","(456, 538)","(456, 540)","(456, 541)","(455, 543)","(454, 545)","(453, 547)","(451, 549)","(449, 551)","(448, 552)","(447, 553)","(446, 553)","(445, 553)","(444, 554)"
"(505, 460)","(505, 461)","(505, 462)","(505, 463)","(504, 465)","(502, 466)","(501, 468)","(501, 469)","(500, 470)","(500, 471)","(501, 472)","(502, 473)","(503, 474)","(504, 475)","(504, 476)","(504, 478)","(504, 480)","(504, 483)","(504, 485)","(504, 488)","(503, 491)","(501, 495)","(501, 497)","(500, 499)","(500, 500)","(501, 500)","(502, 501)","(503, 502)","(503, 503)","(504, 504)","(504, 509)","(504, 515)","(504, 518)","(503, 522)","(503, 523)","(503, 524)","(503, 525)","(503, 526)","(503, 527)","(503, 530)","(503, 531)","(503, 532)","(502, 534)","(501, 536)","(501, 537)","(500, 539)","(499, 540)","(499, 541)","(499, 542)","(499, 543)","(500, 543)","(500, 544)","(500, 545)","(500, 546)","(500, 547)","(500, 548)","(500, 549)","(500, 550)","(500, 551)","(500, 552)","(500, 554)","(500, 555)","(499, 556)","(499, 557)"
"(539, 451)","(540, 451)","(542, 451)","(543, 451)","(544, 451)","(545, 452)","(546, 453)","(547, 453)","(547, 454)","(547, 457)","(547, 458)","(543, 464)","(542, 465)","(540, 466)","(539, 468)","(539, 469)","(540, 469)","(542, 470)","(544, 470)","(545, 471)","(547, 472)","(548, 472)","(549, 473)","(550, 474)","(551, 476)","(551, 484)","(551, 486)","(550, 489)","(549, 491)","(548, 493)","(547, 494)","(547, 495)","(547, 496)","(547, 497)","(548, 499)","(549, 500)","(549, 502)","(549, 503)","(549, 505)","(549, 507)","(548, 514)","(548, 519)","(548, 520)","(548, 521)","(548, 522)","(549, 523)","(550, 524)","(551, 526)","(552, 527)","(552, 529)","(553, 530)","(553, 532)","(554, 534)","(554, 536)","(554, 538)","(554, 540)","(554, 543)","(554, 545)","(554, 547)","(554, 549)","(553, 552)","(552, 553)","(552, 554)","(551, 555)","(551, 556)","(550, 557)","(550, 558)","(550, 559)","(549, 559)","(549, 560)"
"(594, 453)","(594, 454)","(593, 455)","(592, 456)","(592, 457)","(592, 458)","(592, 459)","(594, 459)","(595, 460)","(596, 460)","(597, 461)","(598, 462)","(598, 463)","(598, 465)","(598, 468)","(597, 471)","(596, 473)","(595, 475)","(594, 476)","(594, 477)","(594, 481)","(595, 482)","(596, 484)","(596, 486)","(596, 492)","(596, 495)","(596, 498)","(596, 501)","(595, 504)","(594, 506)","(594, 508)","(594, 510)","(594, 511)","(594, 512)","(594, 513)","(594, 514)","(594, 515)","(595, 518)","(595, 519)","(595, 521)","(595, 522)","(595, 524)","(595, 525)","(595, 526)","(595, 527)","(595, 528)","(595, 533)","(595, 534)","(595, 535)","(595, 536)","(595, 537)","(595, 538)","(595, 539)","(594, 542)","(594, 544)","(593, 545)","(593, 547)","(592, 547)","(592, 548)"
"(630, 441)","(631, 441)","(631, 442)","(631, 443)","(631, 446)","(631, 448)","(631, 450)","(630, 456)","(630, 457)","(630, 459)","(631, 460)","(632, 461)","(633, 462)","(635, 463)","(636, 464)","(637, 465)","(638, 466)","(640, 468)","(641, 471)","(641, 472)","(642, 473)","(642, 474)","(642, 475)","(642, 476)","(642, 477)","(642, 478)","(642, 479)","(642, 480)","(642, 481)","(642, 482)","(642, 483)","(642, 484)","(642, 485)","(642, 486)","(642, 487)","(642, 488)","(642, 490)","(642, 492)","(641, 493)","(641, 495)","(640, 496)","(637, 502)","(637, 503)","(637, 504)","(637, 505)","(637, 506)","(638, 507)","(638, 508)","(640, 511)","(640, 512)","(640, 514)","(640, 515)","(640, 518)","(640, 520)","(638, 521)","(638, 523)","(638, 524)","(637, 525)","(637, 527)","(637, 528)","(637, 529)","(636, 529)","(636, 530)","(636, 531)","(636, 532)","(636, 533)","(636, 534)","(636, 535)","(636, 536)","(636, 538)","(636, 539)","(636, 540)","(636, 542)","(636, 543)","(636, 544)","(636, 545)","(636, 546)","(634, 547)"
"(459, 464)","(459, 465)","(459, 466)","(458, 468)","(458, 469)","(457, 470)","(457, 471)","(456, 471)","(456, 472)","(456, 473)","(457, 473)","(457, 474)","(457, 475)","(457, 476)","(457, 478)","(457, 481)","(457, 482)","(456, 484)","(456, 485)","(456, 486)","(456, 488)","(456, 489)","(456, 491)","(456, 492)","(455, 494)","(455, 496)","(454, 498)","(454, 499)","(453, 501)","(453, 502)","(453, 503)","(453, 509)","(452, 515)","(452, 517)","(451, 518)","(451, 519)","(451, 520)","(452, 522)","(455, 524)","(456, 525)","(456, 526)","(456, 527)","(456, 528)","(456, 530)","(455, 534)","(454, 538)","(453, 538)","(453, 539)","(453, 540)","(453, 541)","(453, 543)","(453, 544)","(453, 545)"
"(505, 463)","(505, 464)","(505, 465)","(504, 468)","(504, 469)","(503, 471)","(502, 472)","(501, 472)","(501, 473)","(501, 474)","(501, 475)","(502, 475)","(503, 475)","(503, 476)","(503, 477)","(503, 478)","(502, 483)","(501, 484)","(500, 486)","(499, 487)","(498, 488)","(498, 489)","(498, 490)","(498, 492)","(498, 494)","(498, 496)","(497, 498)","(496, 501)","(496, 503)","(495, 505)","(494, 506)","(494, 507)","(494, 508)","(494, 509)","(494, 510)","(494, 511)","(494, 513)","(494, 518)","(493, 519)","(493, 520)","(493, 521)","(493, 522)","(493, 523)","(493, 524)","(494, 524)","(495, 525)","(497, 525)","(497, 526)","(498, 527)","(499, 529)","(499, 531)","(499, 533)","(499, 536)","(499, 538)","(499, 540)","(499, 542)","(499, 543)","(499, 544)","(499, 545)","(499, 546)","(499, 547)"
"(550, 454)","(551, 454)","(550, 456)","(549, 457)","(548, 459)","(547, 460)","(546, 461)","(545, 462)","(545, 463)","(545, 465)","(546, 465)","(550, 466)","(551, 466)","(553, 469)","(553, 470)","(553, 471)","(552, 473)","(551, 474)","(550, 475)","(549, 476)","(548, 478)","(548, 479)","(547, 479)","(547, 480)","(548, 480)","(549, 480)","(549, 481)","(549, 489)","(548, 491)","(547, 494)","(547, 495)","(548, 495)","(550, 496)","(551, 498)","(551, 499)","(552, 500)","(552, 501)","(552, 503)","(552, 505)","(552, 509)","(552, 510)","(552, 511)","(549, 522)","(549, 523)","(549, 524)","(548, 525)","(548, 526)","(549, 527)","(549, 528)","(550, 530)","(550, 533)","(550, 535)","(550, 537)","(549, 540)","(549, 542)","(548, 543)","(547, 545)","(547, 546)","(547, 547)","(546, 547)"
"(596, 452)","(596, 454)","(595, 455)","(594, 456)","(593, 458)","(592, 459)","(591, 460)","(591, 461)","(591, 462)","(592, 462)","(592, 463)","(593, 465)","(593, 466)","(593, 468)","(593, 469)","(593, 470)","(592, 471)","(592, 473)","(591, 474)","(589, 475)","(588, 476)","(588, 477)","(589, 478)","(591, 478)","(593, 478)","(594, 478)","(594, 479)","(595, 479)","(595, 480)","(595, 481)","(595, 482)","(595, 483)","(595, 487)","(594, 488)","(593, 490)","(593, 492)","(593, 493)","(593, 494)","(594, 494)","(594, 495)","(595, 497)","(595, 499)","(595, 500)","(594, 502)","(593, 504)","(592, 506)","(591, 507)","(589, 508)","(589, 510)","(589, 511)","(589, 512)","(589, 513)","(591, 514)","(591, 517)","(591, 518)","(591, 519)","(591, 520)","(591, 521)","(591, 523)","(591, 525)","(591, 526)","(589, 528)","(588, 530)","(587, 532)","(586, 534)","(585, 535)","(584, 536)","(584, 537)","(584, 538)","(585, 538)","(586, 538)","(587, 538)","(588, 538)","(589, 538)","(591, 538)"
"(633, 444)","(634, 444)","(634, 445)","(635, 445)","(635, 447)","(635, 448)","(634, 450)","(633, 452)","(631, 454)","(630, 455)","(629, 457)","(628, 457)","(628, 458)","(628, 459)","(628, 460)","(629, 460)","(629, 461)","(630, 462)","(630, 463)","(630, 464)","(631, 465)","(631, 466)","(631, 468)","(631, 470)","(629, 472)","(628, 473)","(627, 474)","(626, 475)","(626, 476)","(627, 477)","(628, 477)","(629, 477)","(630, 477)","(631, 478)","(633, 480)","(633, 481)","(633, 483)","(633, 486)","(632, 487)","(632, 489)","(632, 490)","(632, 491)","(633, 491)","(633, 492)","(634, 492)","(635, 493)","(636, 493)","(636, 494)","(637, 495)","(637, 497)","(637, 498)","(637, 500)","(636, 502)","(635, 503)","(634, 505)","(633, 507)","(633, 508)","(632, 509)","(632, 510)","(632, 511)","(632, 512)","(632, 513)","(633, 513)","(634, 513)","(635, 513)","(636, 513)","(637, 513)","(638, 514)","(640, 514)","(641, 515)","(642, 517)","(642, 518)","(642, 519)","(642, 521)","(641, 523)","(640, 525)","(638, 526)","(637, 528)","(637, 529)","(636, 530)","(636, 531)","(635, 531)","(634, 531)"
"(627, 447)","(627, 449)","(627, 451)","(627, 453)","(627, 456)","(627, 458)","(626, 460)","(626, 462)","(626, 463)","(626, 465)","(626, 466)","(626, 468)","(627, 469)","(628, 470)","(630, 471)","(631, 472)","(633, 476)","(634, 480)","(634, 485)","(634, 486)","(634, 487)","(634, 488)","(634, 489)","(634, 490)","(634, 491)","(634, 492)","(635, 493)","(635, 494)","(637, 495)","(642, 496)","(643, 497)","(644, 498)","(644, 499)","(644, 501)","(644, 502)","(643, 504)","(641, 508)","(642, 510)","(642, 511)","(643, 512)","(643, 513)","(643, 514)","(643, 515)","(643, 518)","(642, 520)","(640, 524)","(638, 526)","(637, 528)","(637, 530)","(637, 531)","(636, 532)","(636, 533)","(636, 534)","(636, 537)","(636, 538)"
"(593, 458)","(594, 458)","(595, 458)","(596, 458)","(596, 459)","(596, 463)","(595, 469)","(594, 472)","(593, 476)","(592, 478)","(592, 480)","(592, 482)","(593, 485)","(594, 486)","(595, 488)","(596, 490)","(597, 492)","(598, 494)","(599, 497)","(600, 499)","(600, 502)","(600, 504)","(600, 508)","(600, 510)","(597, 515)","(596, 519)","(595, 519)","(595, 520)","(596, 520)","(597, 520)","(600, 521)","(601, 522)","(602, 522)","(604, 523)","(604, 524)","(604, 525)","(604, 526)","(604, 527)","(604, 529)","(604, 531)","(603, 533)","(603, 535)","(602, 537)","(602, 538)","(601, 539)","(601, 540)","(600, 541)","(599, 541)"
"(530, 462)","(531, 461)","(533, 461)","(534, 461)","(536, 460)","(537, 460)","(539, 460)","(540, 460)","(540, 461)","(540, 462)","(540, 464)","(540, 465)","(538, 468)","(537, 470)","(534, 474)","(534, 476)","(534, 477)","(536, 478)","(538, 479)","(542, 480)","(544, 481)","(545, 483)","(547, 484)","(548, 486)","(549, 497)","(547, 503)","(546, 505)","(544, 509)","(544, 510)","(545, 510)","(551, 511)","(552, 511)","(558, 513)","(559, 514)","(560, 515)","(561, 517)","(561, 518)","(561, 520)","(561, 523)","(560, 525)","(559, 528)","(558, 530)","(557, 534)","(556, 535)","(555, 537)","(555, 539)","(554, 540)","(554, 542)","(553, 543)","(552, 545)","(551, 547)","(550, 547)"
"(498, 468)","(498, 469)","(497, 470)","(496, 471)","(495, 473)","(494, 474)","(494, 475)","(493, 477)","(493, 478)","(494, 479)","(495, 481)","(495, 482)","(496, 486)","(496, 488)","(497, 494)","(497, 497)","(497, 499)","(497, 501)","(497, 503)","(497, 504)","(497, 505)","(497, 506)","(498, 507)","(498, 508)","(499, 508)","(499, 509)","(500, 510)","(501, 514)","(501, 517)","(501, 519)","(501, 520)","(501, 522)","(501, 524)","(501, 525)","(501, 527)","(501, 528)","(501, 529)","(501, 530)","(501, 531)","(501, 532)","(500, 533)","(500, 534)","(500, 535)","(500, 536)","(500, 537)","(500, 538)","(500, 539)","(500, 540)","(500, 541)","(499, 542)"
"(455, 466)","(456, 466)","(456, 465)","(457, 465)","(457, 466)","(457, 468)","(457, 470)","(457, 471)","(455, 475)","(454, 477)","(454, 478)","(454, 479)","(454, 480)","(455, 480)","(456, 481)","(457, 482)","(458, 483)","(458, 485)","(458, 486)","(458, 489)","(458, 491)","(458, 494)","(458, 497)","(457, 499)","(456, 501)","(455, 506)","(455, 507)","(454, 508)","(454, 509)","(454, 510)","(454, 511)","(454, 513)","(453, 514)"
"(565, 358)","(563, 362)","(560, 367)","(557, 373)","(555, 378)","(551, 384)","(549, 391)","(546, 396)","(543, 401)","(540, 404)","(539, 407)","(538, 408)","(537, 409)","(539, 408)","(542, 406)","(544, 404)","(546, 401)","(548, 398)","(551, 395)","(554, 392)","(557, 388)","(559, 384)","(562, 381)","(565, 377)","(568, 374)","(570, 371)","(572, 367)","(574, 364)","(576, 361)","(576, 359)","(577, 358)","(577, 357)","(577, 356)","(575, 358)","(573, 360)","(561, 376)","(559, 381)","(556, 385)","(553, 390)","(550, 395)","(548, 399)","(546, 403)","(544, 406)","(542, 409)","(542, 410)","(542, 411)","(540, 411)","(542, 410)","(543, 408)","(548, 401)","(550, 397)","(561, 382)","(564, 377)","(568, 373)","(572, 368)","(576, 364)","(580, 360)","(582, 357)","(584, 354)","(586, 351)","(587, 349)","(587, 348)","(587, 347)","(586, 348)","(584, 350)","(582, 352)","(580, 355)","(577, 359)","(573, 364)","(570, 368)","(566, 374)","(563, 380)","(560, 384)","(558, 389)","(555, 392)","(554, 394)","(553, 396)","(552, 397)","(552, 398)"
"(588, 349)","(588, 353)","(589, 358)","(591, 363)","(592, 368)","(593, 374)","(594, 379)","(595, 383)","(596, 388)","(596, 391)","(597, 394)","(597, 397)","(597, 399)","(598, 401)","(598, 402)"
"(594, 350)","(594, 351)","(593, 354)","(593, 357)","(593, 361)","(593, 364)","(593, 368)","(593, 374)","(593, 378)","(593, 383)","(593, 387)","(592, 391)","(592, 394)","(592, 399)","(592, 400)","(592, 401)","(592, 402)","(591, 403)"
"(552, 426)","(553, 425)","(555, 425)","(557, 424)","(560, 424)","(562, 423)","(565, 422)","(578, 420)","(581, 420)","(584, 420)","(589, 420)","(593, 420)","(592, 420)","(591, 420)","(558, 421)","(543, 421)","(539, 421)","(537, 421)","(536, 421)","(546, 419)","(561, 414)","(569, 413)","(573, 412)","(577, 411)","(580, 410)","(583, 409)","(586, 409)","(588, 409)","(588, 408)","(589, 408)","(587, 408)","(585, 408)","(583, 408)","(582, 409)","(580, 409)","(579, 409)","(579, 410)"
"(574, 356)","(572, 358)","(570, 361)","(567, 364)","(564, 368)","(561, 373)","(557, 376)","(554, 381)","(551, 384)","(548, 388)","(546, 390)","(545, 392)","(544, 393)","(543, 394)","(544, 394)","(547, 391)","(549, 389)","(557, 381)","(559, 378)","(562, 375)","(565, 372)","(568, 368)","(570, 365)","(573, 362)","(575, 359)","(577, 357)","(578, 353)","(579, 352)","(579, 351)","(579, 350)","(577, 351)","(576, 353)","(574, 355)","(563, 370)","(549, 390)","(547, 393)","(546, 395)","(544, 396)","(543, 397)","(542, 399)"
"(552, 381)","(550, 385)","(548, 388)","(546, 391)","(544, 393)","(543, 394)","(543, 395)"
"(592, 352)","(592, 353)","(592, 355)","(592, 358)","(592, 361)","(592, 364)","(592, 368)","(592, 373)","(592, 376)","(592, 381)","(592, 385)","(591, 393)","(589, 399)","(588, 406)"
"(545, 431)","(547, 431)","(550, 430)","(552, 429)","(555, 429)","(558, 428)","(561, 428)","(564, 427)","(568, 427)","(571, 426)","(575, 425)","(584, 424)","(587, 424)","(588, 424)"
"(548, 424)","(551, 423)","(557, 421)","(560, 420)","(566, 419)","(569, 419)","(570, 419)","(572, 419)","(573, 419)"
"(704, 241)","(703, 241)","(703, 242)","(703, 244)","(703, 247)","(702, 251)","(702, 256)","(702, 262)","(702, 269)","(702, 278)","(702, 286)","(702, 303)","(702, 310)","(702, 317)","(702, 323)","(702, 326)","(702, 328)","(702, 329)"
"(705, 229)","(705, 231)","(705, 233)","(705, 236)","(704, 240)","(703, 245)","(703, 250)","(703, 255)","(702, 261)","(702, 267)","(702, 276)","(702, 283)","(702, 292)","(702, 300)","(702, 327)","(702, 331)","(701, 336)","(701, 337)","(701, 335)","(701, 332)","(701, 328)","(701, 323)","(701, 316)","(701, 309)","(701, 301)","(701, 293)","(701, 284)","(701, 276)","(701, 268)","(701, 262)","(701, 253)","(701, 249)","(702, 246)","(702, 244)","(702, 242)","(702, 241)","(702, 242)","(702, 244)","(702, 252)","(701, 257)","(698, 275)","(697, 284)","(696, 295)","(695, 304)","(695, 311)","(694, 317)","(694, 323)","(694, 326)","(694, 329)","(694, 331)","(694, 332)"
"(713, 286)","(712, 292)","(712, 298)","(712, 303)","(711, 307)","(711, 310)","(711, 313)","(711, 316)","(711, 317)","(711, 318)"
"(716, 263)","(715, 269)","(713, 276)","(712, 283)","(711, 291)","(710, 298)","(710, 305)","(709, 310)","(709, 314)","(709, 316)","(709, 318)","(709, 319)","(711, 305)","(715, 285)","(716, 278)","(719, 253)","(719, 248)","(720, 244)","(720, 241)","(720, 239)","(721, 237)","(721, 236)","(720, 242)","(720, 246)","(719, 251)","(718, 256)","(717, 263)","(716, 270)","(716, 278)","(715, 287)","(714, 295)","(713, 302)","(713, 309)","(712, 321)","(712, 323)","(712, 324)","(712, 323)","(712, 321)"
"(743, 241)","(742, 244)","(741, 247)","(739, 251)","(737, 255)","(736, 259)","(734, 264)","(733, 269)","(732, 277)","(731, 284)","(730, 291)","(729, 298)","(729, 304)","(728, 310)","(728, 315)","(728, 322)","(728, 325)","(728, 323)","(729, 308)","(730, 301)","(731, 293)","(732, 285)","(733, 277)","(733, 268)","(735, 256)","(736, 251)","(736, 247)","(737, 244)","(737, 236)","(737, 235)","(737, 234)","(737, 238)","(737, 242)","(735, 252)","(733, 258)","(732, 264)","(731, 272)","(730, 280)","(727, 309)","(727, 324)","(726, 326)","(726, 328)","(727, 318)","(730, 304)","(731, 295)","(732, 286)","(733, 277)","(734, 267)","(734, 259)","(735, 254)","(735, 249)"
"(752, 253)","(750, 257)","(749, 262)","(748, 268)","(746, 275)","(745, 282)","(745, 289)","(744, 296)","(744, 302)","(744, 307)","(743, 312)","(743, 315)","(743, 317)","(743, 318)","(743, 316)","(746, 302)","(747, 294)","(748, 286)","(750, 277)","(751, 267)","(753, 260)","(754, 253)","(755, 247)","(756, 242)","(757, 234)","(757, 232)","(757, 231)","(757, 233)","(756, 236)","(755, 241)","(754, 246)","(752, 253)","(747, 279)","(743, 305)","(742, 324)","(742, 328)","(742, 330)","(742, 332)","(744, 325)","(745, 319)","(747, 313)","(748, 306)","(750, 298)","(751, 289)","(753, 263)","(754, 253)","(754, 250)","(754, 249)","(754, 248)","(754, 249)","(753, 251)","(751, 260)","(749, 266)","(747, 274)","(746, 282)","(744, 289)","(743, 297)","(742, 303)","(741, 309)"
"(717, 407)","(716, 408)","(715, 409)","(714, 410)","(714, 411)","(713, 413)","(712, 414)","(711, 416)","(710, 419)","(709, 422)","(708, 425)","(707, 427)","(707, 430)","(706, 433)","(705, 439)","(704, 442)","(704, 445)","(704, 448)","(704, 451)","(704, 453)","(704, 456)","(704, 458)","(704, 460)","(704, 462)","(704, 463)","(705, 464)","(705, 465)","(706, 466)","(707, 468)","(708, 469)","(709, 470)","(710, 471)","(713, 471)","(715, 471)","(717, 471)","(718, 471)","(727, 465)","(729, 463)","(730, 461)","(731, 458)","(733, 456)","(733, 453)","(734, 451)","(736, 442)","(736, 431)","(736, 428)","(736, 424)","(736, 421)","(736, 417)","(735, 414)","(734, 412)","(733, 409)","(732, 407)","(731, 406)","(730, 404)","(729, 403)","(726, 403)","(725, 403)","(723, 403)","(722, 403)","(720, 404)","(718, 406)","(716, 407)","(714, 409)","(712, 411)","(711, 413)","(709, 415)","(708, 417)","(707, 421)","(706, 423)","(704, 426)","(703, 430)","(702, 433)","(701, 437)","(701, 440)","(700, 444)","(700, 448)","(700, 451)","(700, 454)","(700, 457)","(701, 459)","(702, 461)","(703, 463)","(704, 464)","(705, 465)","(707, 466)","(709, 466)","(710, 466)","(712, 466)","(714, 465)","(717, 462)","(719, 460)","(722, 457)","(724, 454)","(726, 451)","(728, 448)","(729, 445)","(731, 443)","(732, 441)","(732, 438)","(733, 436)","(733, 434)","(733, 431)","(733, 427)","(733, 424)","(733, 421)","(733, 416)","(732, 413)","(730, 410)","(729, 408)","(727, 407)","(725, 406)","(723, 406)","(720, 407)","(717, 409)","(713, 412)","(709, 415)"
"(720, 430)","(720, 433)","(720, 436)","(719, 439)","(719, 442)","(719, 444)","(719, 446)","(719, 448)","(719, 449)","(719, 446)","(719, 444)","(720, 438)","(720, 435)","(721, 425)","(721, 423)","(721, 422)","(721, 423)","(721, 426)","(721, 429)","(721, 433)","(721, 437)","(721, 440)","(721, 444)","(721, 447)","(721, 449)","(721, 451)","(721, 452)","(721, 454)"
"(727, 383)","(726, 383)","(725, 383)","(724, 383)","(723, 384)","(722, 385)","(721, 387)","(720, 388)","(719, 390)","(718, 392)","(717, 393)","(716, 395)","(715, 396)","(714, 399)","(713, 401)","(712, 403)","(709, 411)","(707, 421)","(707, 425)","(706, 428)","(706, 431)","(705, 437)","(705, 440)","(705, 442)","(705, 445)","(705, 447)","(705, 449)","(705, 450)","(705, 452)","(705, 454)","(705, 456)","(706, 458)","(709, 462)","(711, 464)","(712, 464)","(713, 464)","(714, 464)","(721, 455)","(723, 453)","(725, 451)","(726, 448)","(727, 446)","(729, 444)","(730, 441)","(730, 439)","(731, 436)","(731, 433)","(732, 430)","(733, 421)","(733, 417)","(733, 414)","(733, 411)","(733, 408)","(732, 406)","(731, 404)","(730, 402)","(729, 401)","(728, 400)","(726, 399)","(720, 399)","(717, 400)","(714, 402)","(711, 404)","(709, 406)","(707, 408)","(704, 411)","(703, 413)","(701, 416)","(700, 420)","(699, 423)","(698, 427)","(697, 431)","(697, 435)","(696, 439)","(696, 442)","(696, 446)","(696, 448)","(696, 451)","(696, 453)","(697, 454)","(698, 455)","(699, 456)","(700, 457)","(701, 457)","(703, 457)","(704, 457)","(706, 457)","(708, 456)","(709, 454)","(711, 452)","(712, 450)","(713, 448)","(714, 445)","(715, 443)","(715, 440)","(715, 437)","(715, 434)"
"(731, 383)","(731, 385)","(732, 389)","(732, 393)","(732, 397)","(732, 402)","(732, 408)","(732, 413)","(731, 419)","(731, 425)","(730, 429)","(730, 434)","(729, 438)","(729, 442)","(728, 445)","(728, 448)","(727, 450)","(727, 452)","(726, 454)","(725, 455)","(723, 457)"
