"(509, 352)","(509, 348)","(510, 344)","(511, 341)","(512, 337)","(512, 333)","(513, 330)","(514, 326)","(514, 323)","(515, 319)","(515, 316)","(516, 312)","(516, 309)","(516, 305)","(517, 302)","(517, 298)","(517, 295)","(517, 291)","(517, 288)","(517, 285)","(517, 281)","(517, 278)","(517, 274)","(517, 271)","(517, 268)","(517, 264)","(517, 261)","(516, 258)","(516, 254)","(516, 251)","(515, 248)","(515, 244)","(514, 241)","(514, 238)","(513, 235)","(512, 231)","(512, 228)","(511, 225)","(510, 222)","(509, 219)","(509, 216)","(508, 212)","(507, 209)","(506, 206)","(505, 203)","(504, 200)","(502, 197)","(501, 194)","(500, 191)","(499, 188)","(498, 185)","(496, 181)","(495, 178)","(493, 175)","(492, 172)","(490, 169)","(489, 166)","(487, 164)","(485, 161)","(484, 158)","(482, 155)","(480, 152)","(478, 149)","(476, 146)","(475, 143)","(473, 140)","(471, 137)","(468, 135)","(466, 132)","(464, 129)","(462, 126)","(460, 123)","(457, 121)","(455, 118)","(453, 115)","(450, 112)","(448, 110)","(445, 107)","(443, 104)","(440, 101)","(438, 99)","(435, 96)","(432, 93)","(429, 91)","(427, 88)","(424, 85)","(421, 83)","(418, 80)","(415, 78)","(412, 75)","(409, 72)","(406, 70)","(402, 67)","(399, 65)","(396, 62)","(393, 60)","(389, 57)","(386, 55)","(383, 52)","(379, 50)","(376, 48)"
"(415, 474)","(418, 470)","(422, 466)","(425, 463)","(429, 459)","(432, 456)","(435, 452)","(439, 448)","(442, 445)","(445, 441)","(448, 437)","(451, 434)","(454, 430)","(456, 426)","(459, 423)","(462, 419)","(464, 415)","(467, 411)","(469, 408)","(472, 404)","(474, 400)","(476, 396)","(478, 392)","(480, 389)","(482, 385)","(484, 381)","(486, 377)","(488, 373)","(489, 369)","(491, 366)","(492, 362)","(494, 358)","(495, 354)","(497, 350)","(498, 346)","(499, 342)","(500, 338)","(501, 334)","(502, 330)","(503, 326)","(504, 322)","(504, 318)","(505, 314)","(506, 310)","(506, 306)","(507, 302)","(507, 298)","(507, 294)","(507, 290)","(507, 286)","(508, 282)","(507, 277)","(507, 273)","(507, 269)","(507, 265)","(507, 261)","(506, 257)","(506, 252)","(505, 248)","(505, 244)","(504, 240)","(503, 236)","(502, 231)","(501, 227)","(500, 223)","(499, 218)","(498, 214)","(497, 210)","(496, 206)","(494, 201)","(493, 197)","(491, 193)","(490, 188)","(488, 184)","(486, 179)","(485, 175)","(483, 171)","(481, 166)","(479, 162)","(477, 157)","(475, 153)","(472, 148)","(470, 144)","(468, 139)","(465, 135)","(463, 130)","(460, 126)","(457, 121)","(454, 117)","(452, 112)","(449, 108)","(446, 103)","(443, 99)","(440, 94)","(436, 89)","(433, 85)","(430, 80)","(426, 75)","(423, 71)","(419, 66)","(416, 62)"
"(278, 513)","(282, 512)","(287, 511)","(292, 510)","(296, 509)","(301, 508)","(305, 507)","(310, 506)","(314, 505)","(319, 504)","(323, 503)","(327, 502)","(332, 500)","(336, 499)","(340, 498)","(344, 496)","(348, 495)","(352, 494)","(356, 492)","(360, 491)","(364, 489)","(368, 487)","(372, 486)","(376, 484)","(380, 482)","(383, 480)","(387, 479)","(391, 477)","(394, 475)","(398, 473)","(401, 471)","(405, 469)","(408, 467)","(412, 464)","(415, 462)","(419, 460)","(422, 458)","(425, 455)","(428, 453)","(431, 451)","(435, 448)","(438, 446)","(441, 443)","(444, 441)","(447, 438)","(450, 435)","(452, 433)","(455, 430)","(458, 427)","(461, 424)","(464, 422)","(466, 419)","(469, 416)","(471, 413)","(474, 410)","(476, 407)","(479, 403)","(481, 400)","(484, 397)","(486, 394)","(488, 390)","(491, 387)","(493, 384)","(495, 380)","(497, 377)","(499, 373)","(501, 370)","(503, 366)","(505, 363)","(507, 359)","(509, 355)","(511, 351)","(513, 348)","(514, 344)","(516, 340)","(518, 336)","(520, 332)","(521, 328)","(523, 324)","(524, 320)","(526, 316)","(527, 311)","(528, 307)","(530, 303)","(531, 299)","(532, 294)","(534, 290)","(535, 285)","(536, 281)","(537, 276)","(538, 272)","(539, 267)","(540, 262)","(541, 258)","(542, 253)","(543, 248)","(544, 243)","(544, 238)","(545, 233)","(546, 229)","(547, 224)"
"(168, 464)","(171, 466)","(174, 468)","(177, 469)","(180, 471)","(183, 473)","(186, 475)","(189, 477)","(192, 479)","(195, 480)","(198, 482)","(201, 483)","(204, 485)","(207, 486)","(210, 488)","(213, 489)","(216, 491)","(219, 492)","(222, 493)","(225, 494)","(228, 495)","(231, 496)","(234, 498)","(237, 499)","(240, 499)","(244, 500)","(247, 501)","(250, 502)","(253, 503)","(256, 504)","(259, 504)","(262, 505)","(265, 505)","(268, 506)","(271, 506)","(274, 507)","(277, 507)","(280, 508)","(283, 508)","(286, 508)","(289, 508)","(292, 508)","(295, 508)","(298, 509)","(301, 509)","(304, 508)","(307, 508)","(310, 508)","(313, 508)","(316, 508)","(320, 508)","(323, 507)","(326, 507)","(329, 506)","(332, 506)","(335, 505)","(338, 505)","(341, 504)","(344, 503)","(347, 503)","(350, 502)","(353, 501)","(356, 500)","(359, 499)","(362, 498)","(365, 497)","(368, 496)","(371, 495)","(374, 494)","(377, 493)","(380, 492)","(383, 490)","(386, 489)","(389, 488)","(392, 486)","(396, 485)","(399, 483)","(402, 482)","(405, 480)","(408, 478)","(411, 477)","(414, 475)","(417, 473)","(420, 471)","(423, 469)","(426, 467)","(429, 465)","(432, 463)","(435, 461)","(438, 459)","(441, 457)","(444, 455)","(447, 452)","(450, 450)","(453, 448)","(456, 445)","(459, 443)","(462, 440)","(465, 438)","(468, 435)","(472, 433)"
"(132, 381)","(131, 383)","(131, 385)","(131, 387)","(131, 389)","(131, 391)","(131, 392)","(132, 394)","(132, 396)","(132, 398)","(132, 400)","(132, 402)","(132, 404)","(133, 406)","(133, 408)","(133, 409)","(134, 411)","(134, 413)","(134, 415)","(135, 417)","(135, 418)","(136, 420)","(136, 422)","(137, 423)","(137, 425)","(138, 427)","(138, 428)","(139, 430)","(140, 432)","(140, 433)","(141, 435)","(142, 436)","(142, 438)","(143, 440)","(144, 441)","(145, 443)","(146, 444)","(147, 446)","(148, 447)","(148, 449)","(149, 450)","(150, 451)","(151, 453)","(152, 454)","(154, 456)","(155, 457)","(156, 458)","(157, 460)","(158, 461)","(159, 462)","(161, 464)","(162, 465)","(163, 466)","(164, 467)","(166, 468)","(167, 470)","(168, 471)","(170, 472)","(171, 473)","(173, 474)","(174, 476)","(176, 477)","(177, 478)","(179, 479)","(180, 480)","(182, 481)","(184, 482)","(185, 483)","(187, 484)","(189, 485)","(191, 486)","(192, 487)","(194, 488)","(196, 489)","(198, 490)","(200, 491)","(202, 492)","(204, 493)","(206, 493)","(208, 494)","(210, 495)","(212, 496)","(214, 497)","(216, 497)","(218, 498)","(220, 499)","(222, 500)","(224, 500)","(227, 501)","(229, 502)","(231, 503)","(234, 503)","(236, 504)","(238, 504)","(241, 505)","(243, 506)","(245, 506)","(248, 507)","(250, 507)","(253, 508)","(256, 509)"
"(182, 312)","(180, 315)","(178, 318)","(176, 321)","(174, 324)","(173, 328)","(171, 331)","(170, 334)","(168, 337)","(167, 340)","(166, 343)","(164, 346)","(163, 349)","(162, 352)","(161, 355)","(160, 358)","(159, 361)","(158, 363)","(157, 366)","(156, 369)","(155, 372)","(155, 375)","(154, 377)","(153, 380)","(153, 383)","(152, 386)","(152, 388)","(152, 391)","(151, 393)","(151, 396)","(151, 399)","(151, 401)","(151, 404)","(151, 406)","(151, 408)","(151, 411)","(151, 413)","(151, 416)","(152, 418)","(152, 420)","(152, 423)","(153, 425)","(153, 427)","(154, 429)","(154, 432)","(155, 434)","(156, 436)","(157, 438)","(158, 440)","(159, 442)","(160, 445)","(161, 447)","(162, 449)","(163, 451)","(164, 453)","(165, 455)","(167, 456)","(168, 458)","(169, 460)","(171, 462)","(173, 464)","(174, 466)","(176, 467)","(178, 469)","(179, 471)","(181, 473)","(183, 474)","(185, 476)","(187, 478)","(189, 479)","(191, 481)","(193, 482)","(196, 484)","(198, 486)","(200, 487)","(203, 489)","(205, 490)","(208, 491)","(211, 493)","(213, 494)","(216, 496)","(219, 497)","(222, 498)","(224, 499)","(227, 501)","(230, 502)","(233, 503)","(237, 504)","(240, 505)","(243, 507)","(246, 508)","(250, 509)","(253, 510)","(257, 511)","(260, 512)","(264, 513)","(267, 514)","(271, 515)","(275, 516)","(279, 517)","(283, 518)"
"(279, 264)","(274, 265)","(269, 267)","(264, 269)","(259, 270)","(255, 272)","(250, 274)","(246, 276)","(242, 277)","(238, 279)","(233, 281)","(229, 283)","(226, 285)","(222, 287)","(218, 289)","(215, 290)","(211, 292)","(208, 294)","(204, 296)","(201, 298)","(198, 300)","(195, 302)","(192, 304)","(189, 306)","(187, 309)","(184, 311)","(182, 313)","(179, 315)","(177, 317)","(175, 319)","(173, 321)","(171, 324)","(169, 326)","(167, 328)","(165, 330)","(163, 332)","(162, 335)","(160, 337)","(159, 339)","(158, 342)","(157, 344)","(156, 346)","(155, 349)","(154, 351)","(153, 354)","(152, 356)","(152, 359)","(151, 361)","(151, 363)","(151, 366)","(151, 369)","(150, 371)","(150, 374)","(151, 376)","(151, 379)","(151, 381)","(151, 384)","(152, 387)","(153, 389)","(153, 392)","(154, 395)","(155, 397)","(156, 400)","(157, 403)","(158, 406)","(159, 408)","(161, 411)","(162, 414)","(164, 417)","(166, 420)","(167, 423)","(169, 425)","(171, 428)","(173, 431)","(175, 434)","(178, 437)","(180, 440)","(182, 443)","(185, 446)","(188, 449)","(190, 452)","(193, 455)","(196, 458)","(199, 461)","(202, 464)","(205, 468)","(209, 471)","(212, 474)","(216, 477)","(219, 480)","(223, 483)","(227, 487)","(231, 490)","(235, 493)","(239, 496)","(243, 500)","(247, 503)","(252, 506)","(256, 510)","(261, 513)","(266, 517)"
"(368, 209)","(364, 209)","(360, 210)","(356, 211)","(352, 212)","(349, 213)","(345, 215)","(341, 216)","(338, 217)","(334, 218)","(331, 219)","(327, 220)","(324, 222)","(320, 223)","(317, 224)","(314, 225)","(310, 227)","(307, 228)","(304, 229)","(301, 231)","(297, 232)","(294, 234)","(291, 235)","(288, 237)","(285, 238)","(282, 240)","(279, 241)","(276, 243)","(273, 245)","(270, 246)","(268, 248)","(265, 250)","(262, 252)","(259, 253)","(257, 255)","(254, 257)","(251, 259)","(249, 261)","(246, 263)","(244, 265)","(241, 267)","(239, 268)","(236, 270)","(234, 273)","(232, 275)","(229, 277)","(227, 279)","(225, 281)","(223, 283)","(221, 285)","(219, 288)","(216, 290)","(214, 292)","(212, 294)","(210, 297)","(208, 299)","(206, 301)","(205, 304)","(203, 306)","(201, 309)","(199, 311)","(197, 314)","(196, 316)","(194, 319)","(192, 321)","(191, 324)","(189, 327)","(188, 329)","(186, 332)","(185, 335)","(183, 337)","(182, 340)","(181, 343)","(179, 346)","(178, 349)","(177, 351)","(175, 354)","(174, 357)","(173, 360)","(172, 363)","(171, 366)","(170, 369)","(169, 372)","(168, 375)","(167, 378)","(166, 381)","(165, 385)","(164, 388)","(163, 391)","(163, 394)","(162, 398)","(161, 401)","(161, 404)","(160, 407)","(159, 411)","(159, 414)","(158, 418)","(158, 421)","(157, 424)","(157, 428)","(157, 432)"
"(595, 151)","(588, 152)","(582, 153)","(576, 154)","(569, 155)","(563, 156)","(557, 157)","(551, 159)","(545, 160)","(539, 161)","(533, 163)","(527, 164)","(521, 165)","(515, 167)","(509, 168)","(503, 170)","(497, 171)","(491, 173)","(486, 175)","(480, 176)","(474, 178)","(469, 180)","(463, 181)","(458, 183)","(452, 185)","(447, 187)","(441, 189)","(436, 190)","(431, 192)","(426, 194)","(420, 196)","(415, 198)","(410, 200)","(405, 202)","(400, 205)","(395, 207)","(390, 209)","(385, 211)","(380, 213)","(375, 216)","(370, 218)","(365, 220)","(360, 223)","(356, 225)","(351, 227)","(346, 230)","(342, 232)","(337, 235)","(332, 237)","(328, 240)","(324, 243)","(319, 245)","(315, 248)","(310, 251)","(306, 253)","(302, 256)","(297, 259)","(293, 262)","(289, 264)","(285, 267)","(281, 270)","(277, 273)","(273, 276)","(269, 279)","(265, 282)","(261, 285)","(257, 288)","(253, 292)","(250, 295)","(246, 298)","(242, 301)","(239, 304)","(235, 308)","(231, 311)","(228, 314)","(224, 318)","(221, 321)","(217, 325)","(214, 328)","(211, 332)","(207, 335)","(204, 339)","(201, 342)","(198, 346)","(195, 350)","(192, 353)","(188, 357)","(185, 361)","(182, 365)","(179, 368)","(177, 372)","(174, 376)","(171, 380)","(168, 384)","(165, 388)","(163, 392)","(160, 396)","(157, 400)","(155, 404)","(152, 408)","(150, 413)"
"(662, 129)","(655, 129)","(649, 130)","(643, 131)","(637, 132)","(631, 133)","(624, 134)","(618, 135)","(612, 135)","(606, 137)","(600, 138)","(594, 139)","(588, 140)","(582, 141)","(576, 142)","(571, 143)","(565, 145)","(559, 146)","(553, 147)","(547, 149)","(541, 150)","(536, 151)","(530, 153)","(524, 154)","(518, 156)","(513, 158)","(507, 159)","(501, 161)","(496, 162)","(490, 164)","(485, 166)","(479, 168)","(474, 169)","(468, 171)","(463, 173)","(457, 175)","(452, 177)","(447, 179)","(441, 181)","(436, 183)","(430, 185)","(425, 187)","(420, 189)","(415, 191)","(409, 194)","(404, 196)","(399, 198)","(394, 200)","(389, 203)","(384, 205)","(379, 208)","(373, 210)","(368, 212)","(363, 215)","(358, 217)","(353, 220)","(348, 223)","(344, 225)","(339, 228)","(334, 231)","(329, 233)","(324, 236)","(319, 239)","(314, 242)","(310, 245)","(305, 248)","(300, 251)","(295, 253)","(291, 257)","(286, 260)","(282, 263)","(277, 266)","(272, 269)","(268, 272)","(263, 275)","(259, 279)","(254, 282)","(250, 285)","(245, 288)","(241, 292)","(237, 295)","(232, 299)","(228, 302)","(223, 306)","(219, 309)","(215, 313)","(211, 316)","(206, 320)","(202, 324)","(198, 327)","(194, 331)","(190, 335)","(186, 339)","(182, 343)","(177, 347)","(173, 350)","(169, 354)","(165, 358)","(161, 362)","(157, 366)","(154, 371)"
"(742, 102)","(735, 102)","(729, 103)","(723, 103)","(717, 104)","(711, 104)","(704, 105)","(698, 106)","(692, 106)","(686, 107)","(680, 108)","(674, 108)","(668, 109)","(663, 110)","(657, 111)","(651, 111)","(645, 112)","(639, 113)","(634, 114)","(628, 115)","(622, 116)","(616, 117)","(611, 118)","(605, 119)","(600, 120)","(594, 121)","(589, 122)","(583, 123)","(578, 124)","(572, 125)","(567, 126)","(562, 127)","(556, 129)","(551, 130)","(546, 131)","(540, 132)","(535, 133)","(530, 135)","(525, 136)","(520, 137)","(515, 139)","(510, 140)","(505, 142)","(500, 143)","(495, 144)","(490, 146)","(485, 147)","(480, 149)","(475, 150)","(470, 152)","(466, 154)","(461, 155)","(456, 157)","(451, 158)","(447, 160)","(442, 162)","(437, 163)","(433, 165)","(428, 167)","(424, 169)","(419, 170)","(415, 172)","(410, 174)","(406, 176)","(402, 178)","(397, 180)","(393, 182)","(389, 183)","(385, 185)","(380, 187)","(376, 189)","(372, 191)","(368, 193)","(364, 196)","(360, 198)","(356, 200)","(352, 202)","(348, 204)","(344, 206)","(340, 208)","(336, 211)","(332, 213)","(328, 215)","(324, 217)","(321, 220)","(317, 222)","(313, 224)","(310, 227)","(306, 229)","(302, 232)","(299, 234)","(295, 236)","(292, 239)","(288, 241)","(285, 244)","(281, 246)","(278, 249)","(274, 252)","(271, 254)","(268, 257)","(265, 260)"
"(511, 320)","(511, 315)","(512, 311)","(512, 307)","(513, 304)","(513, 300)","(514, 296)","(514, 292)","(514, 288)","(515, 284)","(515, 280)","(515, 276)","(515, 273)","(515, 269)","(515, 265)","(515, 261)","(515, 258)","(515, 254)","(515, 250)","(515, 246)","(514, 243)","(514, 239)","(514, 236)","(513, 232)","(513, 228)","(512, 225)","(512, 221)","(511, 218)","(511, 214)","(510, 211)","(509, 207)","(508, 204)","(508, 201)","(507, 197)","(506, 194)","(505, 190)","(504, 187)","(503, 184)","(502, 181)","(500, 177)","(499, 174)","(498, 171)","(497, 168)","(495, 164)","(494, 161)","(492, 158)","(491, 155)","(489, 152)","(488, 149)","(486, 146)","(485, 143)","(483, 139)","(481, 136)","(479, 133)","(477, 130)","(475, 127)","(473, 125)","(471, 122)","(469, 119)","(467, 116)","(465, 113)","(463, 110)","(461, 107)","(458, 105)","(456, 102)","(453, 99)","(451, 96)","(449, 93)","(446, 91)","(443, 88)","(441, 85)","(438, 83)","(435, 80)","(433, 78)","(430, 75)","(427, 72)","(424, 70)","(421, 67)","(418, 65)","(415, 62)","(412, 60)","(409, 57)","(405, 55)","(402, 53)","(399, 50)","(395, 48)","(392, 45)","(389, 43)","(385, 41)","(382, 38)","(378, 36)","(374, 34)","(371, 32)","(367, 29)","(363, 27)","(359, 25)","(355, 23)","(352, 21)","(348, 19)","(344, 17)","(340, 15)"
"(715, 116)","(711, 116)","(707, 116)","(703, 117)","(699, 117)","(696, 118)","(692, 118)","(688, 119)","(684, 119)","(681, 120)","(677, 120)","(673, 121)","(670, 121)","(666, 122)","(663, 122)","(659, 123)","(656, 123)","(652, 124)","(649, 125)","(645, 125)","(642, 126)","(638, 126)","(635, 127)","(631, 127)","(628, 128)","(625, 128)","(621, 129)","(618, 129)","(615, 130)","(611, 130)","(608, 131)","(605, 132)","(602, 132)","(599, 133)","(595, 133)","(592, 134)","(589, 134)","(586, 135)","(583, 135)","(580, 136)","(577, 137)","(574, 137)","(571, 138)","(568, 138)","(565, 139)","(562, 140)","(559, 140)","(556, 141)","(553, 141)","(550, 142)","(548, 143)","(545, 143)","(542, 144)","(539, 144)","(536, 145)","(534, 146)","(531, 146)","(528, 147)","(526, 147)","(523, 148)","(520, 149)","(518, 149)","(515, 150)","(512, 151)","(510, 151)","(507, 152)","(505, 152)","(502, 153)","(500, 154)","(497, 154)","(495, 155)","(493, 156)","(490, 156)","(488, 157)","(485, 158)","(483, 158)","(481, 159)","(479, 160)","(476, 160)","(474, 161)","(472, 162)","(470, 162)","(467, 163)","(465, 164)","(463, 164)","(461, 165)","(459, 166)","(457, 166)","(455, 167)","(453, 168)","(451, 168)","(449, 169)","(447, 170)","(445, 171)","(443, 171)","(441, 172)","(439, 173)","(437, 173)","(435, 174)","(433, 175)","(432, 176)"
"(514, 162)","(510, 162)","(507, 163)","(503, 164)","(500, 165)","(496, 166)","(493, 167)","(489, 168)","(486, 168)","(482, 169)","(479, 170)","(475, 171)","(472, 172)","(469, 173)","(465, 174)","(462, 175)","(458, 176)","(455, 178)","(452, 179)","(448, 180)","(445, 181)","(442, 182)","(438, 183)","(435, 184)","(432, 185)","(428, 187)","(425, 188)","(422, 189)","(418, 190)","(415, 192)","(412, 193)","(408, 194)","(405, 195)","(402, 197)","(399, 198)","(395, 199)","(392, 201)","(389, 202)","(386, 204)","(382, 205)","(379, 206)","(376, 208)","(373, 209)","(370, 211)","(366, 212)","(363, 214)","(360, 215)","(357, 217)","(354, 218)","(351, 220)","(348, 222)","(344, 223)","(341, 225)","(338, 226)","(335, 228)","(332, 230)","(329, 231)","(326, 233)","(323, 235)","(320, 236)","(316, 238)","(313, 240)","(310, 242)","(307, 243)","(304, 245)","(301, 247)","(298, 249)","(295, 251)","(292, 253)","(289, 255)","(286, 256)","(283, 258)","(280, 260)","(277, 262)","(274, 264)","(271, 266)","(268, 268)","(265, 270)","(262, 272)","(259, 274)","(257, 276)","(254, 278)","(251, 280)","(248, 282)","(245, 285)","(242, 287)","(239, 289)","(236, 291)","(233, 293)","(231, 295)","(228, 298)","(225, 300)","(222, 302)","(219, 304)","(216, 307)","(213, 309)","(211, 311)","(208, 313)","(205, 316)","(202, 318)","(200, 321)"
"(383, 495)","(386, 491)","(389, 487)","(392, 484)","(395, 480)","(398, 477)","(401, 473)","(404, 470)","(407, 466)","(410, 463)","(413, 459)","(416, 456)","(419, 452)","(421, 449)","(424, 446)","(427, 442)","(429, 439)","(432, 435)","(434, 432)","(437, 428)","(439, 425)","(442, 421)","(444, 418)","(446, 414)","(448, 411)","(451, 408)","(453, 404)","(455, 401)","(457, 397)","(459, 394)","(461, 390)","(463, 387)","(465, 383)","(466, 380)","(468, 377)","(470, 373)","(472, 370)","(473, 366)","(475, 363)","(476, 360)","(478, 356)","(479, 353)","(481, 349)","(482, 346)","(484, 343)","(485, 339)","(486, 336)","(487, 333)","(488, 329)","(489, 326)","(491, 323)","(492, 319)","(492, 316)","(493, 312)","(494, 309)","(495, 306)","(496, 302)","(497, 299)","(497, 296)","(498, 292)","(499, 289)","(499, 286)","(500, 282)","(500, 279)","(500, 276)","(501, 272)","(501, 269)","(501, 266)","(502, 263)","(502, 259)","(502, 256)","(502, 253)","(502, 249)","(502, 246)","(502, 243)","(502, 240)","(502, 236)","(502, 233)","(502, 230)","(501, 226)","(501, 223)","(501, 220)","(500, 217)","(500, 213)","(499, 210)","(499, 207)","(498, 204)","(498, 200)","(497, 197)","(496, 194)","(496, 191)","(495, 187)","(494, 184)","(493, 181)","(492, 178)","(491, 175)","(490, 171)","(489, 168)","(488, 165)","(487, 162)","(486, 159)"
"(163, 406)","(164, 408)","(165, 411)","(166, 413)","(167, 416)","(168, 418)","(169, 420)","(170, 423)","(172, 425)","(173, 427)","(174, 430)","(175, 432)","(177, 434)","(178, 436)","(179, 438)","(180, 440)","(182, 442)","(183, 444)","(185, 446)","(186, 448)","(187, 450)","(189, 452)","(190, 454)","(192, 456)","(193, 458)","(195, 459)","(196, 461)","(198, 463)","(200, 464)","(201, 466)","(203, 468)","(204, 469)","(206, 471)","(208, 472)","(210, 474)","(211, 475)","(213, 477)","(215, 478)","(217, 479)","(218, 480)","(220, 482)","(222, 483)","(224, 484)","(226, 485)","(228, 486)","(230, 488)","(232, 489)","(233, 490)","(235, 491)","(237, 492)","(240, 493)","(242, 493)","(244, 494)","(246, 495)","(248, 496)","(250, 497)","(252, 497)","(254, 498)","(256, 499)","(259, 499)","(261, 500)","(263, 501)","(265, 501)","(268, 502)","(270, 502)","(272, 502)","(274, 503)","(277, 503)","(279, 504)","(282, 504)","(284, 504)","(286, 504)","(289, 504)","(291, 505)","(294, 505)","(296, 505)","(299, 505)","(301, 505)","(304, 505)","(307, 505)","(309, 505)","(312, 505)","(314, 505)","(317, 504)","(320, 504)","(323, 504)","(325, 504)","(328, 503)","(331, 503)","(334, 503)","(336, 502)","(339, 502)","(342, 501)","(345, 501)","(348, 500)","(351, 500)","(354, 499)","(357, 499)","(360, 498)","(362, 497)","(366, 497)"
"(345, 487)","(339, 487)","(333, 487)","(328, 488)","(322, 488)","(317, 488)","(312, 488)","(306, 489)","(301, 489)","(296, 489)","(291, 489)","(286, 489)","(282, 489)","(277, 489)","(272, 488)","(268, 488)","(263, 488)","(259, 488)","(255, 487)","(250, 487)","(246, 487)","(242, 486)","(238, 486)","(234, 485)","(231, 485)","(227, 484)","(223, 483)","(220, 482)","(216, 482)","(213, 481)","(210, 480)","(206, 479)","(203, 478)","(200, 477)","(197, 476)","(194, 475)","(192, 474)","(189, 473)","(186, 472)","(184, 470)","(181, 469)","(179, 468)","(177, 466)","(175, 465)","(172, 463)","(170, 462)","(168, 460)","(167, 459)","(165, 457)","(163, 455)","(162, 454)","(160, 452)","(159, 450)","(157, 448)","(156, 446)","(155, 444)","(154, 442)","(153, 440)","(152, 438)","(151, 436)","(150, 434)","(149, 431)","(149, 429)","(148, 427)","(148, 424)","(147, 422)","(147, 419)","(147, 417)","(147, 414)","(147, 412)","(147, 409)","(147, 407)","(147, 404)","(148, 401)","(148, 398)","(148, 395)","(149, 392)","(150, 390)","(150, 387)","(151, 383)","(152, 380)","(153, 377)","(154, 374)","(155, 371)","(156, 368)","(158, 364)","(159, 361)","(161, 358)","(162, 354)","(164, 351)","(166, 347)","(167, 344)","(169, 340)","(171, 336)","(173, 333)","(175, 329)","(178, 325)","(180, 321)","(182, 317)","(185, 313)","(188, 310)"
